BCCIP,1
BBC3,0.04556526
CHGB,0.6945818
MYBBP1A,1
WASF2,1
LRIF1,1
RABEP1,1
NCOA6,1
MBP,1
MAPT,0.01101087
BMF,1
WIPF2,0.7714156
TPD52L2,0.4316067
FAM110A,1
MARCKS,0.4749173
ZNF512B,0.988383
KIAA0408,1
SPRR2A,1
DLGAP4,0.9988716
ATN1,1
HTT,1
PHACTR2,0.4323837
SDC3,0.3246642
BAD,0.9977432
HABP4,1
RTN4,0.008731981
BICRA,1
DLGAP1,1
PRRC2C,1
DLGAP2,1
FNBP4,1
UIMC1,1
RRS1,0.8378983
BCL2L11,0.9988716
GSE1,1
MAP4,1
MUC1,1
WIPF1,1
